entityID,/data/entityID
location_name,/data/MauzaparaName
existing_location,/data/MauzaparaName
existing_FWCOUNTRY,/data/country
existing_FWDIVISION,/data/division
existing_FWDISTRICT,/data/district
existing_FWUPAZILLA,/data/upazillaName
existing_FWUNION,/data/unionName
existing_FWWARD,/data/wardName
existing_FWSUBUNIT,/data/unitName
existing_FWMAUZA_PARA,/data/MauzaparaName
FWCOUNTRY,/data/country
FWDIVISION,/data/division
FWDISTRICT,/data/district
FWUPAZILLA,/data/upazillaName
form_name,/data/formName
FWUNION,/data/unionName
FWWARD,/data/wardName
FWSUBUNIT,/data/unitName
FWMAUZA_PARA,/data/MauzaparaName
today,/data/FDNHREGDATE
start,/data/i_start_time
end,/data/i_end_time
FWCENDATE,/data/today
FWGOBHHID,/data/FDGOBHHID
FWJIVHHID,/data/FDJIVHHID
FWNHHHGPS,/data/GPS
FWCENSTAT,/data/FDCENSTAT
ELCO,/data/ELCO
new_ELCO,/data/new_ELCO
existing_ELCO,/data/existing_ELCO
user_type,/data/user_type
external_user_ID,/data/external_user_ID
elco_registration_default_bind_path,woman
woman/id,id
woman/FDCWOMSTRMEN,FWCWOMSTRMEN
woman/FDCWOMHUSLIV,FWCWOMHUSLIV
woman/FDCWOMHUSALV,FWCWOMHUSALV
woman/FDCWOMHUSSTR,FWCWOMHUSSTR
woman/FDELIGIBLE2,FWELIGIBLE2
woman/FDELIGIBLE,FWELIGIBLE
woman/FDWOMLNAME,FWWOMLNAME
woman/FDGENDER,FWGENDER
woman/FDCWOMSTER, FWCWOMSTER
woman/eligible,groupTag
woman/eligible/FDWOMANYID,FWWOMANYID
woman/eligible/FDWOMNID,FWWOMNID
woman/eligible/FDWOMNID2,FWWOMRETYPENID
woman/eligible/FDWOMRETYPENID_CONCEPT,FWWOMRETYPENID_CONCEPT
woman/eligible/FDWOMBID,FWWOMBID
woman/eligible/FDWOMBID2,FWWOMRETYPEBID
woman/eligible/FDWOMRETYPEBID_CONCEPT,FWWOMRETYPEBID_CONCEPT
_GOBHHID,/data/FDGOBHHID
_FWWOMGOBHHID,/data/FDGOBHHID
_JiVitAHHID,/data/FDJIVHHID
_WomanREGDATE,/data/FDNHREGDATE
_FWWOMFNAME,/data/FDWOMFNAME
_FWHUSNAME,/data/FDHUSNAME
_FWBIRTHDATE,/data/FDBIRTHDATE
_FWWOMAGE,/data/FDWOMAGE
_FWWOMCOUNTRY,/data/country
_FWWOMDIVISION,/data/division
_FWWOMDISTRICT,/data/district
_FWWOMUPAZILLA,/data/upazillaName
_FWWOMUNION,/data/unionName
_FWWOMWARD,/data/wardName
_FWWOMSUBUNIT,/data/unitName
_FWWOMMAUZA_PARA,/data/MauzaparaName
_FWWOMGPS,/data/GPS
_FWWOMRETYPENID_CONCEPT,/data/woman/eligible/FDWOMNID
_FWWOMRETYPEBID_CONCEPT,/data/woman/eligible/FDWOMBID
