existing_location, /data/MauzaparaName
existing_Country, /data/country
existing_Division, /data/division
existing_District, /data/district
existing_Upazilla, /data/upazillaName
existing_Union, /data/unionName
existing_Ward, /data/wardName
existing_Subunit, /data/unitName
existing_Mauzapara, /data/MauzaparaName
today, /data/today
start, /data/i_start_time
end, /data/i_end_time
form_name, /data/formName
FWNHREGDATE, /data/today
FWGOBHHID, /data/FDGOBHHID
FWJIVHHID, /data/FDJIVHHID
FWCOUNTRY, /data/country
FWDIVISION, /data/division
FWDISTRICT, /data/district
FWUPAZILLA, /data/upazillaName
FWUNION, /data/unionName
FWWARD, /data/wardName
FWSUBUNIT, /data/unitName
FWMAUZA_PARA, /data/MauzaparaName
FWNHHHGPS, /data/GPS
FWHOHFNAME, /data/FDHOHFNAME
FWHOHGENDER, /data/FDHOHGENDER
FWHOHBIRTHDATE, /data/FDHOHBIRTHDATE
FWHOHLNAME, /data/FDHOHLNAME
FWNHHMBRNUM, /data/FDNHHMBRNUM
ELCO, /data/ELCO
user_type, /data/user_type
external_user_ID, /data/external_user_ID
elco_registration_default_bind_path, woman
woman/id, id
woman/FDCWOMSTRMEN, FWCWOMSTRMEN
woman/FDCWOMHUSLIV, FWCWOMHUSLIV
woman/FDCWOMHUSALV, FWCWOMHUSALV
woman/FDCWOMHUSSTR, FWCWOMHUSSTR
woman/FDWOMLNAME, FWWOMLNAME
woman/FDELIGIBLE, FWELIGIBLE
woman/FDELIGIBLE2, FWELIGIBLE2
woman/FDCWOMSTER, FWCWOMSTER
woman/FDGENDER, FWGENDER 
woman/eligible, groupTag
woman/eligible/FDWOMANYID, FWWOMANYID
woman/eligible/FDWOMNID, FWWOMNID
woman/eligible/FDWOMNID2, FWWOMRETYPENID
woman/eligible/FDWOMRETYPENID_CONCEPT, FWWOMRETYPENID_CONCEPT
woman/eligible/FDWOMBID, FWWOMBID
woman/eligible/FDWOMBID2, FWWOMRETYPEBID
woman/eligible/FDWOMRETYPEBID_CONCEPT, FWWOMRETYPEBID_CONCEPT
_GOBHHID, /data/FDGOBHHID
_FWWOMGOBHHID, /data/FDGOBHHID
_JiVitAHHID, /data/FDJIVHHID
_WomanREGDATE, /data/FDNHREGDATE
_FWWOMFNAME, /data/FDWOMFNAME
_FWHUSNAME, /data/FDHUSNAME
_FWBIRTHDATE, /data/FDBIRTHDATE
_FWWOMAGE, /data/FDWOMAGE
_FWWOMCOUNTRY, /data/country
_FWWOMDIVISION, /data/division
_FWWOMDISTRICT, /data/district
_FWWOMUPAZILLA, /data/upazillaName
_FWWOMUNION, /data/unionName
_FWWOMWARD, /data/wardName
_FWWOMSUBUNIT, /data/unitName
_FWWOMMAUZA_PARA, /data/MauzaparaName
_FWWOMGPS, /data/GPS
_FWWOMRETYPENID_CONCEPT, /data/woman/eligible/FDWOMNID
_FWWOMRETYPEBID_CONCEPT, /data/woman/eligible/FDWOMBID
_relationalid, /data/GPS