location_name, /data/mauza_para
entityID, /data/entityID
existing_FWCOUNTRY, /data/country
existing_FWDIVISION, /data/division
existing_FWDISTRICT, /data/district
existing_FWUPAZILLA, /data/upazila
existing_FWUNION, /data/union
existing_FWWARD, /data/ward
existing_FWSUBUNIT, /data/unit
existing_FWMAUZA_PARA, /data/mauza_para
FWCOUNTRY, /data/country
FWDIVISION, /data/division
FWDISTRICT, /data/district
FWUPAZILLA, /data/upazila
FWUNION, /data/union
FWWARD, /data/ward
FWSUBUNIT, /data/unit
FWMAUZA_PARA, /data/mauza_para
today, /data/today
start, /data/i_start_time
end, /data/i_end_time
form_name, /data/form_name
FWCENDATE, /data/today
FWGOBHHID, /data/FDGOBHHID
FWJIVHHID, /data/FDJIVHHID
FWNHHHGPS, /data/FDNHHHGPS
FWCENSTAT, /data/FDCENSTAT
new_mwra, /data/MWRA
existing_MWRA, /data/MWRA
ELCO, /data/ELCO
new_ELCO, /data/new_ELCO
existing_ELCO, /data/existing_ELCO
user_type, /data/user_type
external_user_ID, /data/external_user_ID
elco_registration_default_bind_path, woman
woman/id, id
woman/FDNHWOMSTRMEN, FWNHWOMSTRMEN
woman/FDNHWOMHUSLIV, FWNHWOMHUSLIV
woman/FDNHWOMHUSALV, FWNHWOMHUSALV
woman/FDNHWOMHUSSTR, FWNHWOMHUSSTR
woman/FWELIGIBLE2, FWELIGIBLE2
woman/FDWOMLNAME, FWWOMLNAME
woman/FDGENDER, FWGENDER 
woman/eligible, groupTag
woman/eligible/FDWOMANYID, FWWOMANYID
woman/eligible/FDWOMNID, FWWOMNID
woman/eligible/FDWOMNID2, FWWOMRETYPENID
woman/eligible/FDWOMBID, FWWOMBID
woman/eligible/FDWOMBID2, FWWOMRETYPEBID
_GOBHHID, /data/FDGOBHHID
_FWWOMGOBHHID, /data/FDGOBHHID 
_JiVitAHHID, /data/FDJIVHHID
_WomanREGDATE, /data/FDNHREGDATE
_FWWOMFNAME, /data/FDWOMFNAME
_FWHUSNAME, /data/FDHUSNAME
_FWBIRTHDATE, /data/FDBIRTHDATE
_FWWOMAGE, /data/FDWOMAGE
_FWWOMCOUNTRY, /data/country
_FWWOMDIVISION, /data/division
_FWWOMDISTRICT, /data/district
_FWWOMUPAZILLA, /data/upazila
_FWWOMUNION, /data/union
_FWWOMWARD, /data/ward
_FWWOMSUBUNIT, /data/unit
_FWWOMMAUZA_PARA, /data/mauza_para
_FWWOMGPS, /data/FDNHHHGPS
_FWWOMRETYPENID_CONCEPT, /data/woman/eligible/FDWOMNID
_FWWOMRETYPEBID_CONCEPT, /data/woman/eligible/FDWOMBID